{
  "id": "3742012",
  "name": "board",
  "font_family": "iconfont",
  "css_prefix_text": "icon-",
  "description": "",
  "glyphs": [
    {
      "icon_id": "2418260",
      "name": "上传",
      "font_class": "shangchuan",
      "unicode": "e66f",
      "unicode_decimal": 58991
    },
    {
      "icon_id": "6550618",
      "name": "上传",
      "font_class": "shangchuan1",
      "unicode": "e622",
      "unicode_decimal": 58914
    },
    {
      "icon_id": "6550622",
      "name": "下载",
      "font_class": "xiazai2",
      "unicode": "e621",
      "unicode_decimal": 58913
    },
    {
      "icon_id": "1870124",
      "name": "下载",
      "font_class": "xiazai1",
      "unicode": "e62d",
      "unicode_decimal": 58925
    },
    {
      "icon_id": "136387",
      "name": "下载",
      "font_class": "xiazai",
      "unicode": "e600",
      "unicode_decimal": 58880
    },
    {
      "icon_id": "11976086",
      "name": "垃圾桶",
      "font_class": "zu",
      "unicode": "e617",
      "unicode_decimal": 58903
    },
    {
      "icon_id": "4890395",
      "name": "橡皮擦",
      "font_class": "xiangpica",
      "unicode": "e6ed",
      "unicode_decimal": 59117
    },
    {
      "icon_id": "924515",
      "name": "shapes",
      "font_class": "shapes",
      "unicode": "e940",
      "unicode_decimal": 59712
    },
    {
      "icon_id": "9805767",
      "name": "菱形",
      "font_class": "lingxing",
      "unicode": "e668",
      "unicode_decimal": 58984
    },
    {
      "icon_id": "14718732",
      "name": "tx-椭圆形",
      "font_class": "tx-tuoyuanxing",
      "unicode": "e64f",
      "unicode_decimal": 58959
    },
    {
      "icon_id": "30797056",
      "name": "三角形",
      "font_class": "sanjiaoxing",
      "unicode": "e659",
      "unicode_decimal": 58969
    },
    {
      "icon_id": "6264634",
      "name": "箭头",
      "font_class": "jiantou1",
      "unicode": "e78f",
      "unicode_decimal": 59279
    },
    {
      "icon_id": "630094",
      "name": "向右箭头",
      "font_class": "xiangyoujiantou",
      "unicode": "e65f",
      "unicode_decimal": 58975
    },
    {
      "icon_id": "630095",
      "name": "向左箭头",
      "font_class": "xiangzuojiantou",
      "unicode": "e660",
      "unicode_decimal": 58976
    },
    {
      "icon_id": "6135295",
      "name": "redo",
      "font_class": "redo",
      "unicode": "e652",
      "unicode_decimal": 58962
    },
    {
      "icon_id": "6266249",
      "name": "椭圆形",
      "font_class": "tuoyuanxing",
      "unicode": "e790",
      "unicode_decimal": 59280
    },
    {
      "icon_id": "7009033",
      "name": "undo",
      "font_class": "undo",
      "unicode": "e739",
      "unicode_decimal": 59193
    },
    {
      "icon_id": "10048847",
      "name": "圆形",
      "font_class": "yuanxing",
      "unicode": "e626",
      "unicode_decimal": 58918
    },
    {
      "icon_id": "10207957",
      "name": "画笔工具-文本",
      "font_class": "huabigongju-wenben",
      "unicode": "e61c",
      "unicode_decimal": 58908
    },
    {
      "icon_id": "10207958",
      "name": "画笔工具-矩形",
      "font_class": "huabigongju-juxing",
      "unicode": "e61d",
      "unicode_decimal": 58909
    },
    {
      "icon_id": "10207960",
      "name": "画笔工具-椭圆",
      "font_class": "huabigongju-tuoyuan",
      "unicode": "e61e",
      "unicode_decimal": 58910
    },
    {
      "icon_id": "10207961",
      "name": "画笔工具- 直线",
      "font_class": "huabigongju-zhixian",
      "unicode": "e61f",
      "unicode_decimal": 58911
    },
    {
      "icon_id": "10207984",
      "name": "画笔工具-涂鸦",
      "font_class": "huabigongju-tuya",
      "unicode": "e620",
      "unicode_decimal": 58912
    },
    {
      "icon_id": "13644674",
      "name": "箭头",
      "font_class": "jiantou",
      "unicode": "e60b",
      "unicode_decimal": 58891
    },
    {
      "icon_id": "26060537",
      "name": "三角形",
      "font_class": "triangle",
      "unicode": "e6af",
      "unicode_decimal": 59055
    }
  ]
}
